user_id,first_name,last_name,joining_date,phone,email,address,city,zip_code
1,Ramona,Howell,2024-05-27 14:15:52,0686855635,at@google.com,6096 Inceptos Ave,Le Puy-en-Velay,78971
2,Destiny,Hendrix,2024-01-19 11:07:01,0678832573,mollis.non@aol.com,Ap #783-2387 Sodales Rd.,Niort,25744
3,Hadassah,May,2024-05-31 08:34:10,0688426254,massa@protonmail.com,"P.O. Box 530, 2177 Aliquam Rd.",La Roche-sur-Yon,16789
4,Ashton,Frederick,2023-11-10 00:45:31,0602567588,metus.eu@outlook.com,274-3674 Et Ave,Moulins,44466
5,Xander,Bradshaw,2024-02-04 07:54:50,0607687245,justo.sit.amet@outlook.com,4586 Nunc St.,Épinal,88077
6,Ella,Hampton,2023-09-29 19:17:17,0613555748,enim.non@outlook.com,885-5408 Ipsum Rd.,Sens,32551
7,Garrett,Rojas,2024-04-17 00:40:17,0638252774,non@yahoo.com,"P.O. Box 506, 5903 Eleifend St.",Castres,57268
8,Justina,Davidson,2023-11-14 02:19:24,0607133766,ad.litora.torquent@protonmail.com,7384 Ut Road,Bastia,75872
9,Brady,Hyde,2024-01-19 09:52:52,0678782322,libero.et@protonmail.com,2809 Ut St.,Versailles,72124
10,Bruno,Mclean,2023-12-14 17:19:50,0604464321,aliquam.enim@protonmail.com,"338-5655 Laoreet, Avenue",Colmar,65631
11,Barrett,Mcdaniel,2023-10-16 23:44:24,0646678117,adipiscing.elit@outlook.com,159-8533 Luctus Rd.,Saint-Quentin,63817
12,Holmes,Hensley,2024-01-21 17:07:00,0625423213,tempus@outlook.com,157 Semper Rd.,Alençon,06843
13,Kirsten,Ellison,2023-10-01 06:04:58,0655163420,quis.diam@yahoo.com,7697 Fusce St.,Bègles,84975
14,Jamalia,Tate,2023-08-17 04:20:00,0676932818,curabitur.ut.odio@outlook.com,Ap #897-120 Consequat Road,Douai,12751
15,Jada,Langley,2024-03-31 15:39:14,0682524445,nibh.quisque.nonummy@icloud.com,Ap #343-6464 Leo Street,Bourges,39887
16,Ferdinand,Neal,2023-11-07 18:20:05,0620704432,pellentesque.ultricies@protonmail.com,974-4304 Urna St.,Lunel,81874
17,Ursula,Goff,2024-03-06 23:50:09,0673514456,natoque.penatibus.et@protonmail.com,1689 Ipsum. Avenue,Orvault,34843
18,Odette,Austin,2024-02-25 23:45:30,0621296256,non.hendrerit@google.com,"P.O. Box 528, 2293 Mi Rd.",Montigny-lès-Metz,16836
19,Yoshio,Swanson,2023-09-30 11:28:27,0674530852,lectus.pede@hotmail.com,427-8389 Metus. Road,Épernay,46764
20,Maile,Daniels,2023-09-16 12:40:45,0677573415,tortor.dictum@hotmail.com,854-6171 Sit Road,Blois,78350
21,Maggie,Mcmahon,2024-05-06 05:02:08,0607830952,tempor.erat@protonmail.com,"P.O. Box 115, 9448 Bibendum St.",Hérouville-Saint-Clair,55630
22,Amena,Dixon,2024-01-29 04:24:58,0622508249,fringilla.cursus@outlook.com,993-6328 Vestibulum St.,Sète,85893
23,Blake,Lindsey,2024-05-25 18:42:21,0672758756,dolor@aol.com,Ap #377-759 Ultricies Street,Roubaix,16714
24,Armand,Mcgowan,2024-03-07 00:02:44,0630233372,pellentesque.tincidunt@yahoo.com,Ap #894-6966 Lectus Avenue,Montbéliard,32474
25,Nathan,Gregory,2023-07-29 23:31:04,0622334464,lectus.sit.amet@protonmail.com,"P.O. Box 848, 4558 Ultricies Ave",Brive-la-Gaillarde,68692
26,Merritt,Best,2024-02-10 11:22:10,0662267575,mattis@aol.com,Ap #767-7942 Et Av.,Le Havre,22713
27,Acton,Lowery,2024-01-30 01:53:35,0642771760,duis.gravida.praesent@icloud.com,"P.O. Box 478, 4070 Donec Rd.",Paris,59346
28,Dieter,Hurley,2024-04-05 18:26:32,0686644713,bibendum.fermentum@icloud.com,"P.O. Box 529, 1539 Nulla Street",Évreux,51660
29,Yasir,Kidd,2023-08-17 22:25:41,0684874599,ac.libero@google.com,239-4442 Dictum Street,Joué-lès-Tours,26839
30,Guy,Rodriguez,2023-12-15 12:42:44,0690485932,suspendisse.ac@google.com,"5275 Pede, Ave",Pontarlier,58746
31,Noelle,Castro,2024-05-21 17:14:22,0651509622,varius@yahoo.com,8773 Risus Ave,Vernon,74115
32,Levi,Stokes,2024-05-08 02:07:49,0621478682,leo.cras.vehicula@outlook.com,413-9825 Dictum. Ave,Troyes,38316
33,Virginia,Colon,2024-04-08 23:43:06,0634735312,aliquam.nisl@icloud.com,"Ap #690-8059 At, Road",Saint-Dizier,71721
34,Caleb,Walter,2024-02-27 13:31:34,0653178047,pellentesque@aol.com,1802 Euismod Road,Carcassonne,84313
35,Ignacia,Harvey,2023-09-30 21:12:11,0614347276,sit.amet@icloud.com,709-8364 Gravida St.,Grasse,52743
36,Martina,Owen,2023-11-04 06:40:24,0697715472,arcu@google.com,"P.O. Box 405, 3025 Elit St.",Albi,45453
37,Willow,Haney,2024-05-01 19:47:24,0680234587,dui.semper@protonmail.com,"P.O. Box 229, 900 Sed Rd.",Lanester,26844
38,Kiona,Langley,2024-01-13 11:02:02,0604475040,velit@icloud.com,315-8398 Torquent Avenue,Brive-la-Gaillarde,24425
39,Aladdin,Bentley,2024-03-24 09:49:14,0671743367,lectus.pede@aol.com,498-8121 Nec Av.,Chalon-sur-Saône,51503
40,Jordan,Wall,2023-08-05 06:44:37,0635458479,dolor@protonmail.com,Ap #990-215 Aliquet Road,Dole,52824
